{"www.instagram.com":{"/":{"ig_cb":{"key":"ig_cb","value":"1","domain":"www.instagram.com","path":"/","hostOnly":true,"pathIsDefault":true,"creation":"2020-05-25T04:03:09.665Z","lastAccessed":"2020-05-25T04:32:40.817Z"}}},"instagram.com":{"/":{"ig_did":{"key":"ig_did","value":"C6C47555-F0B6-48C9-A3DA-3EF2E735D0C8","expires":"2030-05-23T04:03:09.000Z","maxAge":315360000,"domain":"instagram.com","path":"/","secure":true,"httpOnly":true,"hostOnly":false,"creation":"2020-05-25T04:03:09.973Z","lastAccessed":"2020-05-25T04:32:40.817Z"},"csrftoken":{"key":"csrftoken","value":"1fzyPjpcjeA5SY0i8EEXLcNo7m4oCtQ3","expires":"2021-05-24T04:32:40.000Z","maxAge":31449600,"domain":"instagram.com","path":"/","secure":true,"hostOnly":false,"creation":"2020-05-25T04:03:09.975Z","lastAccessed":"2020-05-25T04:32:40.927Z"},"mid":{"key":"mid","value":"XstDfQABAAGIawpMO8qgBZXKGYAG","expires":"2030-05-23T04:03:09.000Z","maxAge":315360000,"domain":"instagram.com","path":"/","secure":true,"hostOnly":false,"creation":"2020-05-25T04:03:09.976Z","lastAccessed":"2020-05-25T04:32:40.817Z"},"ds_user_id":{"key":"ds_user_id","value":"2288864581","expires":"2020-08-23T04:32:37.000Z","maxAge":7776000,"domain":"instagram.com","path":"/","secure":true,"hostOnly":false,"creation":"2020-05-25T04:03:11.300Z","lastAccessed":"2020-05-25T04:32:40.817Z"},"sessionid":{"key":"sessionid","value":"2288864581%3AUMM3phoJJD5Ogt%3A26","expires":"2021-05-25T04:03:11.000Z","maxAge":31536000,"domain":"instagram.com","path":"/","secure":true,"httpOnly":true,"hostOnly":false,"creation":"2020-05-25T04:03:11.301Z","lastAccessed":"2020-05-25T04:32:40.817Z"},"shbid":{"key":"shbid","value":"17274","expires":"2020-06-01T04:03:11.000Z","maxAge":604800,"domain":"instagram.com","path":"/","secure":true,"httpOnly":true,"hostOnly":false,"creation":"2020-05-25T04:03:12.633Z","lastAccessed":"2020-05-25T04:32:40.817Z"},"shbts":{"key":"shbts","value":"1590379391.4214847","expires":"2020-06-01T04:03:11.000Z","maxAge":604800,"domain":"instagram.com","path":"/","secure":true,"httpOnly":true,"hostOnly":false,"creation":"2020-05-25T04:03:12.634Z","lastAccessed":"2020-05-25T04:32:40.817Z"},"rur":{"key":"rur","value":"FRC","domain":"instagram.com","path":"/","secure":true,"httpOnly":true,"hostOnly":false,"creation":"2020-05-25T04:03:13.150Z","lastAccessed":"2020-05-25T04:32:40.928Z"},"urlgen":{"key":"urlgen","value":"\"{\\\"3.23.127.215\\\": 16509}:1jd4n2:or1QX_9Q0Hr98JM3ojOhBchkFx4\"","domain":"instagram.com","path":"/","secure":true,"httpOnly":true,"hostOnly":false,"creation":"2020-05-25T04:03:13.152Z","lastAccessed":"2020-05-25T04:32:40.929Z"}}}}